iter	MultiRMSE
0	2.771948212
1	2.712599374
2	2.653971754
3	2.597822794
4	2.54216769
5	2.488825805
6	2.436539668
7	2.386267506
8	2.337207074
9	2.288575987
10	2.24184488
11	2.195701168
12	2.151434933
13	2.107784528
14	2.065106308
15	2.024315232
16	1.984195795
17	1.945233807
18	1.906910635
19	1.869951277
20	1.834188809
21	1.799378296
22	1.765608972
23	1.732490501
24	1.700367001
25	1.668746501
26	1.638181471
27	1.608232053
28	1.578990971
29	1.550555877
30	1.523113574
31	1.495995542
32	1.469420753
33	1.444212805
34	1.419188666
35	1.394165834
36	1.370545673
37	1.347463694
38	1.324654168
39	1.303127515
40	1.281289291
41	1.259791555
42	1.239307087
43	1.219464756
44	1.200235748
45	1.181846653
46	1.163830527
47	1.145525389
48	1.127385999
49	1.109805432
50	1.092725381
51	1.075718426
52	1.059629726
53	1.043930376
54	1.028497622
55	1.013539669
56	0.9986515639
57	0.9848290396
58	0.971326704
59	0.9576752156
60	0.9440895174
61	0.9306576662
62	0.9174181285
63	0.904739271
64	0.8921647816
65	0.8803452489
66	0.8686113036
67	0.8569853299
68	0.8454353688
69	0.8344724161
70	0.8239004057
71	0.8133216314
72	0.8033890226
73	0.7934068454
74	0.7834307461
75	0.7741448422
76	0.7651571147
77	0.7565330536
78	0.7480033595
79	0.7389964227
80	0.7305656675
81	0.7223717579
82	0.7143107169
83	0.7064165431
84	0.6983837125
85	0.6907778089
86	0.6835394852
87	0.6762203757
88	0.6693220418
89	0.6624187687
90	0.6552788431
91	0.6483467383
92	0.6417713574
93	0.635868081
94	0.6296336616
95	0.6235548119
96	0.6175870494
97	0.6117837837
98	0.606173547
99	0.6005976126
100	0.5949008966
101	0.5893994731
102	0.5840864927
103	0.5786217724
104	0.5734947027
105	0.5684370102
106	0.5638696948
107	0.5591281022
108	0.5544772003
109	0.5498431665
110	0.5454929949
111	0.5411383105
112	0.5368629972
113	0.5328292451
114	0.5287523353
115	0.5247238653
116	0.5207699228
117	0.5170821033
118	0.5134077578
119	0.5097009233
120	0.5061245811
121	0.5025927908
122	0.4991357559
123	0.4958510792
124	0.4926216891
125	0.4894267475
126	0.4864260582
127	0.4834755983
128	0.4803748826
129	0.4774150241
130	0.4744904072
131	0.4717307569
132	0.4690159359
133	0.4662978678
134	0.4639226578
135	0.4611757011
136	0.4587360521
137	0.4562482074
138	0.4538587786
139	0.4513420612
140	0.449175155
141	0.4468101684
142	0.4446208053
143	0.442331971
144	0.4400152494
145	0.438023711
146	0.4362629862
147	0.434028742
148	0.4317316713
149	0.4297638335
150	0.4279192205
151	0.4260792468
152	0.4242219814
153	0.4222004739
154	0.420480959
155	0.4187611459
156	0.4171586563
157	0.4152114297
158	0.4133994657
159	0.4116838355
160	0.4099331321
161	0.4082046554
162	0.4067645575
163	0.4053173775
164	0.4034244784
165	0.4018158436
166	0.4002376114
167	0.398971818
168	0.3977716297
169	0.3961241761
170	0.3947658595
171	0.3933787424
172	0.3922664414
173	0.3908721271
174	0.3896838434
175	0.3882880721
176	0.3871379843
177	0.3856925304
178	0.3843230014
179	0.3830323385
180	0.3816193736
181	0.3802361474
182	0.3791969597
183	0.3781759984
184	0.3770616151
185	0.3761188979
186	0.3751402095
187	0.374018394
188	0.3729721502
189	0.3716805806
190	0.3703628779
191	0.3695611436
192	0.3686923641
193	0.3675146157
194	0.3666905774
195	0.3658105082
196	0.3649985235
197	0.3640677954
198	0.3632598506
199	0.3620736074
200	0.3610908558
201	0.3602163888
202	0.3593213326
203	0.358190221
204	0.3572229894
205	0.3565785951
206	0.3556687732
207	0.3546187547
208	0.3535494498
209	0.3527399247
210	0.3521661728
211	0.3511012845
212	0.3502162965
213	0.3494048362
214	0.3486488386
215	0.3476388515
216	0.346747476
217	0.3459082424
218	0.3449387605
219	0.3442572005
220	0.3432897848
221	0.3421912494
222	0.3413307237
223	0.3406644195
224	0.3397514496
225	0.3387438868
226	0.3381712745
227	0.3373480805
228	0.3368926133
229	0.3359341096
230	0.3349632441
231	0.3342347341
232	0.3333153792
233	0.3326720327
234	0.3318976573
235	0.3311217641
236	0.3303127305
237	0.3296329225
238	0.3287935832
239	0.3279309303
240	0.3269556474
241	0.3260941739
242	0.3251473245
243	0.3245467143
244	0.3236224207
245	0.3228426755
246	0.3221085907
247	0.3213166193
248	0.3204154251
249	0.319849149
250	0.3193602152
251	0.3186711848
252	0.3179076799
253	0.3172173427
254	0.3164654651
255	0.3156850166
256	0.3150275413
257	0.3142450469
258	0.3133943497
259	0.3125895209
260	0.3120345114
261	0.3115159157
262	0.3108734874
263	0.3101300467
264	0.3095186
265	0.3087612552
266	0.3079389127
267	0.3071925824
268	0.3066626541
269	0.306084269
270	0.3053405172
271	0.3046997762
272	0.3040306529
273	0.3033636654
274	0.3026407197
275	0.3020870487
276	0.3014142545
277	0.3007254681
278	0.3000200703
279	0.299321263
280	0.2987520957
281	0.2980683695
282	0.2975127155
283	0.297118304
284	0.2965327061
285	0.2960124828
286	0.295365637
287	0.2946666766
288	0.2939253527
289	0.293351592
290	0.2927677162
291	0.2921568391
292	0.2917997487
293	0.2912415607
294	0.2906450603
295	0.2900633264
296	0.2894121808
297	0.288932432
298	0.2882925823
299	0.2877413022
300	0.2870328319
301	0.2865095478
302	0.2860158838
303	0.2854615223
304	0.2850653563
305	0.2845629035
306	0.2838751461
307	0.2834127016
308	0.2828265262
309	0.28231173
310	0.2818791537
311	0.2813362705
312	0.2808839846
313	0.2804419853
314	0.2798653647
315	0.2795116308
316	0.2789353134
317	0.2784193551
318	0.2777974652
319	0.2773080017
320	0.2768675378
321	0.2764555338
322	0.275785389
323	0.2751075799
324	0.2745763951
325	0.274068479
326	0.2735914862
327	0.2732326895
328	0.2727960025
329	0.2724148567
330	0.271889819
331	0.2712493232
332	0.2706966321
333	0.2701967977
334	0.2698812187
335	0.2695030399
336	0.2690624745
337	0.268522024
338	0.2680103036
339	0.26753588
340	0.2670550413
341	0.2666166294
342	0.2661705192
343	0.2659124526
344	0.2653176626
345	0.2648405119
346	0.2643540951
347	0.2637724718
348	0.2631878043
349	0.2629664793
350	0.2624944509
351	0.2619438285
352	0.2616586311
353	0.2612087947
354	0.2605902149
355	0.2600249391
356	0.2594555942
357	0.2590254691
358	0.2585017768
359	0.2580384637
360	0.2575819248
361	0.2569488575
362	0.25649983
363	0.2559815214
364	0.2557539333
365	0.2552397401
366	0.2547961785
367	0.2542868794
368	0.2537447816
369	0.2533039559
370	0.2528085238
371	0.2524205774
372	0.2519687202
373	0.2514926212
374	0.2509902742
375	0.2505293404
376	0.2501127756
377	0.249715444
378	0.2493205475
379	0.2488858236
380	0.2486602505
381	0.248341668
382	0.2479491209
383	0.2474523013
384	0.2470182032
385	0.2468196268
386	0.2464308058
387	0.2459200167
388	0.2455120653
389	0.2450535638
390	0.2445627625
391	0.2443437695
392	0.2439806177
393	0.2434979316
394	0.2430458825
395	0.2427327377
396	0.2422507275
397	0.2418171394
398	0.2414275738
399	0.2409561264
400	0.2405122869
401	0.2399706571
402	0.239566991
403	0.2391502116
404	0.2387680976
405	0.2383064416
406	0.2380917957
407	0.2377784232
408	0.2373794629
409	0.2369254324
410	0.2365044451
411	0.2360815071
412	0.2357133993
413	0.2353587228
414	0.2351551623
415	0.23480808
416	0.2344469231
417	0.2340440194
418	0.2336086669
419	0.2331885064
420	0.2330023797
421	0.2326107928
422	0.2322072983
423	0.2318218692
424	0.2314373439
425	0.2310862799
426	0.2307120001
427	0.2303187077
428	0.2299636477
429	0.2295768082
430	0.2292393049
431	0.2288665087
432	0.2284962465
433	0.2280966919
434	0.2277658991
435	0.2274383323
436	0.2270493879
437	0.2267429266
438	0.2264543308
439	0.2261354972
440	0.225792219
441	0.2255938539
442	0.2252266097
443	0.2249178791
444	0.2245848804
445	0.2242890338
446	0.2239595773
447	0.2236800402
448	0.2234531644
449	0.223222389
450	0.2229032888
451	0.2226954166
452	0.2223698897
453	0.2221556055
454	0.222010585
455	0.2217207771
456	0.2215301347
457	0.2211612935
458	0.2208113842
459	0.2204896375
460	0.2201155639
461	0.2199007795
462	0.2196161196
463	0.2193028665
464	0.2189414408
465	0.2186791865
466	0.2183394864
467	0.2179979659
468	0.2177637897
469	0.2176404837
470	0.2172654894
471	0.2171857396
472	0.2168927841
473	0.2166832771
474	0.2163687936
475	0.2160784196
476	0.2157335346
477	0.2155792219
478	0.2152391473
479	0.214916412
480	0.2145937689
481	0.2142977603
482	0.2140548074
483	0.2137357017
484	0.2134426822
485	0.2131050637
486	0.2128181126
487	0.2125226662
488	0.212215574
489	0.2119154794
490	0.2116637723
491	0.211378655
492	0.2111872402
493	0.2109334657
494	0.2106399522
495	0.2103354888
496	0.2100221622
497	0.2096935064
498	0.2093978461
499	0.2091119734
500	0.2088341458
501	0.2085532428
502	0.2083365072
503	0.2081375334
504	0.2079752401
505	0.2077131044
506	0.207476362
507	0.2072144578
508	0.206947529
509	0.2067584959
510	0.2065399017
511	0.2062723488
512	0.206049761
513	0.2058142524
514	0.2055467057
515	0.2054335818
516	0.2052037328
517	0.2049482439
518	0.2047758061
519	0.2045580931
520	0.2044267472
521	0.2041448602
522	0.2039148763
523	0.2036500718
524	0.203416257
525	0.203316489
526	0.2030379797
527	0.2028856709
528	0.2026680718
529	0.2025622919
530	0.2024550036
531	0.2022262165
532	0.2019949688
533	0.2018840007
534	0.2016564168
535	0.2014035848
536	0.2011263694
537	0.2008963076
538	0.2006487058
539	0.2005003697
540	0.2002891228
541	0.2000757651
542	0.1998410338
543	0.19964418
544	0.1993939924
545	0.1991796644
546	0.1990818556
547	0.1988657132
548	0.1987003267
549	0.1984603962
550	0.1981884264
551	0.1980081498
552	0.197771668
553	0.1975029521
554	0.1974177843
555	0.1972652895
556	0.1970549269
557	0.1970074841
558	0.1967945813
559	0.1965455205
560	0.1963204556
561	0.1962560201
562	0.1961464316
563	0.1959034562
564	0.1956957725
565	0.1954752883
566	0.1952325702
567	0.1951074559
568	0.1948703662
569	0.1946311498
570	0.1944744518
571	0.1943037258
572	0.1940649667
573	0.1939995777
574	0.193791758
575	0.1936367479
576	0.1934222486
577	0.1932013277
578	0.1930811188
579	0.1928647043
580	0.1927500081
581	0.1925220164
582	0.1922935904
583	0.1920558132
584	0.1919700438
585	0.1917402998
586	0.1915283394
587	0.1914800019
588	0.1913009524
589	0.1910468605
590	0.1908529432
591	0.1907114728
592	0.1905100355
593	0.1903268466
594	0.1900935338
595	0.1899164807
596	0.1897177076
597	0.1895239596
598	0.1894740676
599	0.1892844498
600	0.1891276851
601	0.1889438726
602	0.1887555398
603	0.1887000208
604	0.1884937135
605	0.1883901755
606	0.1882877067
607	0.1881173847
608	0.1879339326
609	0.1877387628
610	0.1877030416
611	0.1875319839
612	0.1873684945
613	0.1871692053
614	0.187083168
615	0.1869025295
616	0.1867275787
617	0.1865936046
618	0.1864161362
619	0.1862956301
620	0.186087633
621	0.1860320334
622	0.1858572995
623	0.1856696674
624	0.185615125
625	0.1854281387
626	0.1852568669
627	0.185088965
628	0.1850172081
629	0.1848821835
630	0.1848284779
631	0.1847523625
632	0.1845727477
633	0.1843883961
634	0.1843578772
635	0.1842026399
636	0.1840052603
637	0.1838164726
638	0.1836922458
639	0.1835467586
640	0.1833668526
641	0.1831766185
642	0.1829975203
643	0.182808549
644	0.1827397179
645	0.1826181309
646	0.1825447512
647	0.1823499476
648	0.1821962704
649	0.1820064885
650	0.1818763045
651	0.1817205237
652	0.1815401356
653	0.1813912416
654	0.1812233841
655	0.1810915768
656	0.1809272854
657	0.1808008684
658	0.1807468196
659	0.1806857592
660	0.1805299366
661	0.1803761448
662	0.1802280907
663	0.1800507807
664	0.1798634508
665	0.1796867237
666	0.1795539466
667	0.1794194661
668	0.1792751873
669	0.1791186578
670	0.1790756746
671	0.1789266674
672	0.1787597558
673	0.1786004068
674	0.1785500491
675	0.1784438225
676	0.1782710516
677	0.1781929951
678	0.1780386913
679	0.1778863737
680	0.1777046826
681	0.1775778771
682	0.1774380829
683	0.177268389
684	0.1772130476
685	0.1770369336
686	0.1768915804
687	0.1767346236
688	0.1765815504
689	0.1765498085
690	0.176505683
691	0.1764404015
692	0.1762960316
693	0.1761581446
694	0.1759851551
695	0.1758818667
696	0.1757187683
697	0.1756787307
698	0.1756030357
699	0.1754951353
700	0.1753404078
701	0.17518019
702	0.1750334796
703	0.1748644327
704	0.174730664
705	0.17457328
706	0.1744472323
707	0.174315769
708	0.1741660383
709	0.1740375659
710	0.1738981852
711	0.1737921971
712	0.1736278795
713	0.1735196343
714	0.173452087
715	0.1733106044
716	0.1731797176
717	0.1730550159
718	0.1729823473
719	0.1729269855
720	0.1727901108
721	0.172608998
722	0.1724760767
723	0.1724409516
724	0.1723306842
725	0.172245188
726	0.1721695272
727	0.1720338198
728	0.1718934146
729	0.1718018061
730	0.1716597765
731	0.171548117
732	0.1714513165
733	0.1713020072
734	0.1712593665
735	0.1711202397
736	0.1710038929
737	0.1708620921
738	0.1707087125
739	0.1706391244
740	0.1705370807
741	0.1704398316
742	0.1702922221
743	0.1702090033
744	0.1701137853
745	0.1699660381
746	0.1698334609
747	0.1697022655
748	0.1695893761
749	0.1694627923
750	0.1693134836
751	0.1692017629
752	0.1691066883
753	0.1689576033
754	0.1689032448
755	0.1687626437
756	0.1686747423
757	0.1685789974
758	0.1684681882
759	0.1684429031
760	0.1683145441
761	0.1682413415
762	0.1681143659
763	0.1680173869
764	0.1679169363
765	0.1677882212
766	0.1676655153
767	0.1675394766
768	0.1674386742
769	0.1673060566
770	0.1671849031
771	0.1670811467
772	0.1670239534
773	0.1669537557
774	0.1668366143
775	0.1667197158
776	0.1666454751
777	0.1665301763
778	0.1664404695
779	0.1664120198
780	0.1662823616
781	0.1661730826
782	0.1660929723
783	0.1659618106
784	0.1658544051
785	0.1657392865
786	0.1656882944
787	0.1655668551
788	0.1654500374
789	0.1653341135
790	0.1652497408
791	0.1651715
792	0.165070415
793	0.164990807
794	0.1648726756
795	0.1648363477
796	0.1647169717
797	0.16467511
798	0.1646111316
799	0.1645004672
800	0.1644578169
801	0.1643390832
802	0.1642271563
803	0.1641402028
804	0.164057364
805	0.1639436313
806	0.1638793735
807	0.1638590071
808	0.1637928763
809	0.1637145768
810	0.1636372211
811	0.1635977204
812	0.1634841262
813	0.163393936
814	0.1632742958
815	0.1631709389
816	0.1631530305
817	0.1630751073
818	0.1629676204
819	0.1628808263
820	0.1627956095
821	0.162676727
822	0.1625849852
823	0.1624684415
824	0.1623629795
825	0.1622355837
826	0.1621271983
827	0.1620968194
828	0.1620186799
829	0.1619630466
830	0.1618790682
831	0.1618482179
832	0.1617583967
833	0.1617437684
834	0.1616730192
835	0.161629062
836	0.1615142469
837	0.1613762287
838	0.1612453261
839	0.1611778142
840	0.1611010362
841	0.1610531976
842	0.1609776363
843	0.1609633341
844	0.1608639721
845	0.1607919981
846	0.1606997759
847	0.1606411914
848	0.1605554494
849	0.1604386013
850	0.1604215113
851	0.1603247096
852	0.160238348
853	0.1601837009
854	0.1600890457
855	0.1599894992
856	0.1598815042
857	0.1597966141
858	0.1597094897
859	0.1596461928
860	0.1595531985
861	0.159513924
862	0.159445995
863	0.1593690374
864	0.159300969
865	0.1591803536
866	0.159132665
867	0.1590792447
868	0.1589615703
869	0.1588459607
870	0.1588138912
871	0.1587359733
872	0.1586634748
873	0.1585924606
874	0.158527557
875	0.1584272138
876	0.1583493635
877	0.1582490246
878	0.1582141694
879	0.1581279552
880	0.158033137
881	0.1579463951
882	0.1578490561
883	0.1578222759
884	0.1577622623
885	0.1576645665
886	0.1575865626
887	0.1574813577
888	0.157400622
889	0.1573038636
890	0.157222255
891	0.1570943677
892	0.1570163462
893	0.1569722588
894	0.1568848582
895	0.1568487185
896	0.1567485555
897	0.156695593
898	0.1566599031
899	0.1566362559
900	0.1565347228
901	0.1564719701
902	0.1563739657
903	0.156351364
904	0.1562549799
905	0.1561526095
906	0.1560622517
907	0.1559677765
908	0.1559047846
909	0.1558798573
910	0.1558362352
911	0.1558259569
912	0.1557605622
913	0.1557142165
914	0.1556266797
915	0.155536981
916	0.1554849708
917	0.1553981386
918	0.1553869157
919	0.1552951953
920	0.1552476485
921	0.1552096946
922	0.1551272443
923	0.1550585516
924	0.1550205774
925	0.1549333182
926	0.154866186
927	0.1547583425
928	0.154698749
929	0.1546414548
930	0.1545481139
931	0.1544293999
932	0.1543842016
933	0.1542916634
934	0.1541947431
935	0.1541377835
936	0.1541210434
937	0.1540254023
938	0.1539902268
939	0.1538903295
940	0.1538374303
941	0.1537243272
942	0.1536707609
943	0.1536193635
944	0.1535232452
945	0.1534250681
946	0.1533404841
947	0.1532638458
948	0.1531792185
949	0.1531514378
950	0.1530600348
951	0.1530305522
952	0.1529230364
953	0.1528284212
954	0.1527650885
955	0.1527576756
956	0.1526884687
957	0.1525860896
958	0.1525006603
959	0.1524145581
960	0.152334056
961	0.1522924118
962	0.1522807151
963	0.1522730343
964	0.1521685602
965	0.1520863517
966	0.152072816
967	0.1519794624
968	0.1519494452
969	0.1518561267
970	0.1518212567
971	0.1517823524
972	0.1517441202
973	0.1517088202
974	0.1516209605
975	0.1515948549
976	0.1515365444
977	0.1515020778
978	0.1514677405
979	0.1514272204
980	0.1513728563
981	0.1512937201
982	0.1512231766
983	0.1511532287
984	0.1510687679
985	0.151061531
986	0.1509752561
987	0.1509613321
988	0.1508792688
989	0.150822341
990	0.1507406393
991	0.1507179745
992	0.1506497336
993	0.1505561846
994	0.150484677
995	0.1503977977
996	0.1503374215
997	0.1503016661
998	0.150243478
999	0.1501696415
1000	0.1500825434
1001	0.1500057741
1002	0.1499565007
1003	0.1498678705
1004	0.1497966096
1005	0.1497555223
1006	0.1496634759
1007	0.1495820027
1008	0.1495078632
1009	0.1494237469
1010	0.1493143937
1011	0.1492198464
1012	0.1491784342
1013	0.1491341889
1014	0.1490557817
1015	0.148949646
1016	0.1489340275
1017	0.1489280944
1018	0.1489010302
1019	0.1488315433
1020	0.1487473286
1021	0.1486828136
1022	0.1486068671
1023	0.1485103734
1024	0.1484120604
1025	0.1483285152
1026	0.1482387593
1027	0.1482270799
1028	0.1481561751
1029	0.1480820617
1030	0.1480132518
1031	0.1479324227
1032	0.1478467717
1033	0.1477627553
1034	0.1476914429
1035	0.1476708187
1036	0.1476307709
1037	0.1475631045
1038	0.1475343267
1039	0.1474608653
1040	0.1474176237
1041	0.1473682428
1042	0.1473474391
1043	0.1472587514
1044	0.1472057018
1045	0.1471752773
1046	0.1470917856
1047	0.1470600843
1048	0.1470349751
1049	0.1469863295
1050	0.1469139781
1051	0.14688865
1052	0.1468744948
1053	0.1467988944
1054	0.1467243761
1055	0.1466502934
1056	0.1465906942
1057	0.1465031906
1058	0.1464270641
1059	0.1463418552
1060	0.1462480237
1061	0.1461511633
1062	0.1461079763
1063	0.1460495852
1064	0.1460177428
1065	0.1460084984
1066	0.1459837557
1067	0.1459126798
1068	0.1459031024
1069	0.1458206057
1070	0.1457564613
1071	0.145680454
1072	0.1455996655
1073	0.1455787975
1074	0.1454838954
1075	0.1454353246
1076	0.1454047338
1077	0.1453355893
1078	0.145261646
1079	0.1451787918
1080	0.1451087464
1081	0.1450382927
1082	0.1449659734
1083	0.1448843641
1084	0.1448588301
1085	0.1447755805
1086	0.1447085018
1087	0.1446354218
1088	0.1445922706
1089	0.1445132512
1090	0.1444907417
1091	0.1444565068
1092	0.1443785376
1093	0.1442988485
1094	0.1442269843
1095	0.1441606579
1096	0.144065266
1097	0.1439847508
1098	0.143954074
1099	0.1439188405
1100	0.1438799803
1101	0.1438146939
1102	0.1438035207
1103	0.143727193
1104	0.1437134962
1105	0.1436966752
1106	0.1436501671
1107	0.1435543786
1108	0.1434759733
1109	0.1434040501
1110	0.1433612564
1111	0.1432720707
1112	0.1431966726
1113	0.1431123142
1114	0.1430823905
1115	0.1430672998
1116	0.1429943998
1117	0.1429438577
1118	0.1429314698
1119	0.1429264888
1120	0.1428567821
1121	0.1428245668
1122	0.1428149843
1123	0.1427722493
1124	0.1426892245
1125	0.1426095737
1126	0.1425276012
1127	0.1425025304
1128	0.1424738494
1129	0.142396991
1130	0.142377307
1131	0.1422975954
1132	0.1422735905
1133	0.1422661516
1134	0.1421793096
1135	0.1421654972
1136	0.1421580897
1137	0.1421473999
1138	0.1420719172
1139	0.1420099013
1140	0.141977067
1141	0.14189017
1142	0.1418777671
1143	0.1418398621
1144	0.1417632175
1145	0.1416815052
1146	0.1416081485
1147	0.1415901124
1148	0.1415348318
1149	0.1414838228
1150	0.1414546801
1151	0.1413761186
1152	0.1413174335
1153	0.1412849836
1154	0.1412534713
1155	0.141238258
1156	0.1412136331
1157	0.141185676
1158	0.1411660048
1159	0.141087789
1160	0.1410628232
1161	0.1410159142
1162	0.1409824279
1163	0.1409085652
1164	0.1408809921
1165	0.1408765526
1166	0.1408529595
1167	0.1407936564
1168	0.1407653231
1169	0.1407548267
1170	0.1407079042
1171	0.1406236164
1172	0.1406080599
1173	0.1405641246
1174	0.1404963086
1175	0.1404852937
1176	0.1404581752
1177	0.1404412554
1178	0.1403659749
1179	0.1403629626
1180	0.1402878233
1181	0.1402754416
1182	0.1401883756
1183	0.1401817443
1184	0.1401367906
1185	0.1401046293
1186	0.1400323464
1187	0.1399552964
1188	0.1399220863
1189	0.1398615301
1190	0.1397891529
1191	0.1397091807
1192	0.1396695527
1193	0.1395941831
1194	0.1395360374
1195	0.1394689699
1196	0.1393973201
1197	0.1393222358
1198	0.1392876998
1199	0.1392189026
1200	0.1391575392
1201	0.1391412327
1202	0.1390993969
1203	0.1390760758
1204	0.1390713922
1205	0.139048239
1206	0.1389720399
1207	0.1389247884
1208	0.1388998726
1209	0.1388310601
1210	0.1387981132
1211	0.138764406
1212	0.138751718
1213	0.1386898454
1214	0.1386851184
1215	0.1386353315
1216	0.1386282127
1217	0.1386018813
1218	0.1385603634
1219	0.1384708547
1220	0.1384437255
1221	0.13841679
1222	0.1383870481
1223	0.1383822565
1224	0.1383049078
1225	0.1382420506
1226	0.1382177096
1227	0.1381455299
1228	0.1381325622
1229	0.1381078319
1230	0.1380881543
1231	0.138005572
1232	0.1379441749
1233	0.1379218143
1234	0.1378981115
1235	0.1378435292
1236	0.1377841399
1237	0.1377051786
1238	0.1376481804
1239	0.1376430535
1240	0.1375775742
1241	0.1375621898
1242	0.137483454
1243	0.137452443
1244	0.13740194
1245	0.1373970846
1246	0.1373341485
1247	0.1372594618
1248	0.1372234461
1249	0.1372173741
1250	0.1371455761
1251	0.1370766311
1252	0.1370337553
1253	0.1369825352
1254	0.1369575021
1255	0.136943691
1256	0.1368916808
1257	0.1368187617
1258	0.1367647757
1259	0.136694187
1260	0.1366360041
1261	0.1366098119
1262	0.1365768396
1263	0.136552879
1264	0.1364796534
1265	0.136419719
1266	0.1363692687
1267	0.1363417154
1268	0.1362778129
1269	0.136214058
1270	0.1361368068
1271	0.1361051212
1272	0.1360688162
1273	0.1359943784
1274	0.1359822854
1275	0.1359072063
1276	0.1358714576
1277	0.1358096505
1278	0.1357854547
1279	0.135719843
1280	0.1357012658
1281	0.1356795741
1282	0.1356596914
1283	0.1356515011
1284	0.135593698
1285	0.1355760168
1286	0.1355372431
1287	0.1355048854
1288	0.1354841559
1289	0.1354203257
1290	0.1353943203
1291	0.1353371452
1292	0.1353046064
1293	0.1352816489
1294	0.1352198457
1295	0.1351536058
1296	0.1351330403
1297	0.1351180598
1298	0.1350560438
1299	0.1349851267
1300	0.1349544548
1301	0.1349116381
1302	0.1348418025
1303	0.1347652582
1304	0.1347087615
1305	0.1347048329
1306	0.1346712268
1307	0.1346679599
1308	0.1346018457
1309	0.1345390395
1310	0.1344857311
1311	0.1344807728
1312	0.1344235381
1313	0.1343746344
1314	0.1343616449
1315	0.134320646
1316	0.1342644409
1317	0.134239125
1318	0.1341699285
1319	0.1340952612
1320	0.1340748658
1321	0.1340456757
1322	0.1339818147
1323	0.1339176449
1324	0.1338532771
1325	0.1338395428
1326	0.1338001525
1327	0.1337759912
1328	0.133773004
1329	0.1337074649
1330	0.1336520448
1331	0.133599121
1332	0.1335620007
1333	0.1335414811
1334	0.1335372928
1335	0.1335226937
1336	0.1335158174
1337	0.1334512279
1338	0.1334384523
1339	0.1334342359
1340	0.1333810379
1341	0.1333706307
1342	0.1333416715
1343	0.1333232795
1344	0.1332498588
1345	0.1331819431
1346	0.1331602485
1347	0.1331034293
1348	0.1330800914
1349	0.1330208444
1350	0.1329542048
1351	0.1329351784
1352	0.1328752365
1353	0.1328288228
1354	0.1327680739
1355	0.1327604715
1356	0.1327303865
1357	0.1327259253
1358	0.1327140056
1359	0.1326543508
1360	0.1325890309
1361	0.1325284169
1362	0.1324975296
1363	0.1324345824
1364	0.1323721538
1365	0.1323081413
1366	0.1322668427
1367	0.1321991415
1368	0.1321815795
1369	0.1321410588
1370	0.1320893346
1371	0.1320360349
1372	0.1319613881
1373	0.1318880232
1374	0.1318278979
1375	0.1317908573
1376	0.1317719571
1377	0.1317396381
1378	0.1317235934
1379	0.1316497964
1380	0.1316458162
1381	0.1316374779
1382	0.131574576
1383	0.1315205527
1384	0.1315036956
1385	0.1314408319
1386	0.1313887653
1387	0.1313654385
1388	0.1313113605
1389	0.1312361163
1390	0.1312218457
1391	0.1312038564
1392	0.1311488992
1393	0.131138864
1394	0.1311338707
1395	0.1310965156
1396	0.1310287966
1397	0.1310041165
1398	0.1309465371
1399	0.1308844748
1400	0.1308753134
1401	0.130865149
1402	0.1308101465
1403	0.1307963607
1404	0.1307897932
1405	0.130730205
1406	0.1306615705
1407	0.1306388265
1408	0.1306190585
1409	0.1305813128
1410	0.1305284041
1411	0.1304735239
1412	0.1304142542
1413	0.1303626061
1414	0.1302943423
1415	0.1302722139
1416	0.130235166
1417	0.1302227065
1418	0.1301622615
1419	0.130151766
1420	0.1301465752
1421	0.1300935985
1422	0.1300442907
1423	0.1300202855
1424	0.1299662421
1425	0.1298998526
1426	0.129849637
1427	0.1298282521
1428	0.1297831813
1429	0.1297692796
1430	0.1297121539
1431	0.1297067834
1432	0.1296901282
1433	0.129639139
1434	0.1296081798
1435	0.1295457561
1436	0.1295392415
1437	0.1295182034
1438	0.1294976376
1439	0.1294414022
1440	0.1294275721
1441	0.1293627192
1442	0.1293413369
1443	0.1292794125
1444	0.129237353
1445	0.1292318375
1446	0.1292236722
1447	0.129207772
1448	0.1291854906
1449	0.1291336575
1450	0.1291142955
1451	0.1291091202
1452	0.1291035038
1453	0.1290803104
1454	0.1290483872
1455	0.1290314207
1456	0.128998997
1457	0.1289945189
1458	0.1289828523
1459	0.1289210428
1460	0.1288567113
1461	0.1287908474
1462	0.128765608
1463	0.1287298741
1464	0.1287267193
1465	0.1286924609
1466	0.1286341582
1467	0.1286260234
1468	0.1285748764
1469	0.1285191805
1470	0.1285149041
1471	0.1284992368
1472	0.1284963593
1473	0.1284734199
1474	0.1284649108
1475	0.128442594
1476	0.1283858072
1477	0.128383149
1478	0.1283607281
1479	0.1283497877
1480	0.1282900038
1481	0.1282808023
1482	0.1282364779
1483	0.1281823553
1484	0.1281338546
1485	0.1281288288
1486	0.1281179378
1487	0.1281131763
1488	0.1280898682
1489	0.1280679807
1490	0.1280646404
1491	0.1280586543
1492	0.1279952802
1493	0.1279392732
1494	0.1279134839
1495	0.1278533908
1496	0.1278142238
1497	0.1277956182
1498	0.1277900476
1499	0.127787788
1500	0.1277421505
1501	0.1277142513
1502	0.1277076476
1503	0.1276774228
1504	0.1276135198
1505	0.1275931602
1506	0.1275372918
1507	0.1275119939
1508	0.1274519449
1509	0.1274258825
1510	0.1273716757
1511	0.1273376924
1512	0.1273327436
1513	0.1272766545
1514	0.1272224157
1515	0.1272095119
1516	0.1272065513
1517	0.1271720006
1518	0.1271490833
1519	0.1271354845
1520	0.1271271257
1521	0.1271244713
1522	0.1271208638
1523	0.1271016649
1524	0.1270456815
1525	0.1269837751
1526	0.1269805167
1527	0.1269749798
1528	0.1269532016
1529	0.1268900742
1530	0.1268579942
1531	0.1268417052
1532	0.1268328164
1533	0.1267981219
1534	0.1267872767
1535	0.1267325102
1536	0.1266984057
1537	0.1266491242
1538	0.1265872167
1539	0.1265827007
1540	0.126522965
1541	0.1264558746
1542	0.1264013718
1543	0.1263805463
1544	0.1263643623
1545	0.1263085106
1546	0.1262496362
1547	0.1262457524
1548	0.1262417649
1549	0.1262195864
1550	0.1262155481
1551	0.1261913828
1552	0.1261670395
1553	0.1261648314
1554	0.1260998352
1555	0.1260491166
1556	0.1260313725
1557	0.1259646179
1558	0.1259468364
1559	0.125943202
1560	0.1259284116
1561	0.1258618201
1562	0.1258421734
1563	0.1257810533
1564	0.1257317057
1565	0.1257215389
1566	0.1256909557
1567	0.1256329109
1568	0.1256299517
1569	0.1255740978
1570	0.1255487254
1571	0.1255309139
1572	0.1254817755
1573	0.125479693
1574	0.1254239032
1575	0.1254186869
1576	0.1253629166
1577	0.1253428193
1578	0.1253401057
1579	0.1252831502
1580	0.1252435704
1581	0.1252204325
1582	0.1251953662
1583	0.125181311
1584	0.125115559
1585	0.1250996424
1586	0.1250902792
1587	0.1250371828
1588	0.1250085113
1589	0.1249588865
1590	0.1249377982
1591	0.1248761162
1592	0.1248169104
1593	0.1247971187
1594	0.1247444341
1595	0.1247408879
1596	0.124738804
1597	0.1246915801
1598	0.1246395354
1599	0.1245810792
1600	0.124571003
1601	0.1245616476
1602	0.1245573628
1603	0.1244987106
1604	0.1244364535
1605	0.1243751418
1606	0.1243246207
1607	0.1243205065
1608	0.1242907307
1609	0.1242408178
1610	0.1242271893
1611	0.1242240801
1612	0.1241877076
1613	0.1241592023
1614	0.1241539283
1615	0.1241284756
1616	0.1240955978
1617	0.1240684234
1618	0.1240089963
1619	0.1239511201
1620	0.1239483427
1621	0.123932879
1622	0.1238685495
1623	0.1238503872
1624	0.1237862426
1625	0.1237827952
1626	0.1237174634
1627	0.123695635
1628	0.1236427997
1629	0.1236158108
1630	0.1235981727
1631	0.1235492307
1632	0.1235404416
1633	0.1234777158
1634	0.1234200494
1635	0.1234006755
1636	0.1233830994
1637	0.1233801699
1638	0.1233472705
1639	0.1232966817
1640	0.1232836796
1641	0.1232270374
1642	0.1232253477
1643	0.1232067338
1644	0.1231911452
1645	0.1231756211
1646	0.1231735276
1647	0.1231611389
1648	0.1231240231
1649	0.1230650476
1650	0.1230330713
1651	0.1230143065
1652	0.1229623104
1653	0.122905812
1654	0.1228454527
1655	0.1228426692
1656	0.1228131706
1657	0.1227643628
1658	0.1227447816
1659	0.1226932234
1660	0.122637373
1661	0.1225938632
1662	0.1225340261
1663	0.122511473
1664	0.1224541662
1665	0.1224356281
1666	0.1224167483
1667	0.1223582266
1668	0.122341777
1669	0.1222821693
1670	0.1222159752
1671	0.1221572549
1672	0.1221539088
1673	0.1221082039
1674	0.1220801811
1675	0.1220593919
1676	0.1220177781
1677	0.1220036072
1678	0.1219453722
1679	0.1219273681
1680	0.1218780715
1681	0.121828509
1682	0.1217786544
1683	0.1217257022
1684	0.121679525
1685	0.1216259804
1686	0.1215790204
1687	0.1215750573
1688	0.1215219567
1689	0.1215173955
1690	0.1214599524
1691	0.1214491252
1692	0.1214270521
1693	0.1213777928
1694	0.1213612298
1695	0.1213356797
1696	0.1212741478
1697	0.1212581366
1698	0.1212272705
1699	0.1212236538
1700	0.1212224336
1701	0.1211744986
1702	0.1211610254
1703	0.1211033433
1704	0.1211023473
1705	0.1210986037
1706	0.1210418597
1707	0.12103563
1708	0.1209733103
1709	0.1209550901
1710	0.120942174
1711	0.120888644
1712	0.1208387308
1713	0.1208004829
1714	0.1207485688
1715	0.1207288269
1716	0.1206770358
1717	0.1206229028
1718	0.1205677653
1719	0.1205644885
1720	0.1205115431
1721	0.1204558685
1722	0.1204543001
1723	0.1204012978
1724	0.1203422371
1725	0.1203226389
1726	0.1203201003
1727	0.120308634
1728	0.1202639671
1729	0.1202259696
1730	0.1201686573
1731	0.1201252045
1732	0.1201097439
1733	0.1201038426
1734	0.1200977473
1735	0.1200681687
1736	0.1200161728
1737	0.1200024695
1738	0.1199493292
1739	0.1199343946
1740	0.1199215036
1741	0.119871511
1742	0.1198684354
1743	0.1198350696
1744	0.1198190235
1745	0.1197667172
1746	0.1197532239
1747	0.1197474224
1748	0.1196822596
1749	0.1196709521
1750	0.119666044
1751	0.1196591807
1752	0.1196069958
1753	0.1195850189
1754	0.1195745775
1755	0.11951155
1756	0.1194553546
1757	0.1194087455
1758	0.1193772405
1759	0.1193143734
1760	0.119312758
1761	0.1192668422
1762	0.1192361211
1763	0.1192086499
1764	0.1191832944
1765	0.1191696782
1766	0.119155579
1767	0.1190999568
1768	0.1190815038
1769	0.1190380315
1770	0.1190208233
1771	0.118996612
1772	0.1189836185
1773	0.1189621952
1774	0.1189584666
1775	0.1189145128
1776	0.1188947169
1777	0.1188393117
1778	0.1187872953
1779	0.1187674109
1780	0.1187438809
1781	0.1187390319
1782	0.1187284917
1783	0.118677409
1784	0.1186229858
1785	0.1185798673
1786	0.1185613518
1787	0.1185066441
1788	0.1184561971
1789	0.1184392827
1790	0.1183908952
1791	0.1183749349
1792	0.1183172351
1793	0.1182698945
1794	0.118265984
1795	0.1182138396
1796	0.1182102873
1797	0.1182072661
1798	0.1181883786
1799	0.1181387356
1800	0.1180838717
1801	0.1180392879
1802	0.1180238852
1803	0.1180147732
1804	0.1179948113
1805	0.1179775227
1806	0.1179220625
1807	0.1178636345
1808	0.1178613695
1809	0.1178087973
1810	0.1177922567
1811	0.1177383063
1812	0.1176812487
1813	0.1176568591
1814	0.1176394504
1815	0.1176353062
1816	0.1175912043
1817	0.1175862556
1818	0.1175435895
1819	0.1174897711
1820	0.1174398733
1821	0.1173784923
1822	0.1173640642
1823	0.1173196994
1824	0.1173109545
1825	0.1172699938
1826	0.1172354129
1827	0.1172279808
1828	0.1171904247
1829	0.1171868259
1830	0.1171438757
1831	0.117135303
1832	0.117114069
1833	0.1170672105
1834	0.1170644037
1835	0.1170088071
1836	0.1169998674
1837	0.1169968939
1838	0.1169923495
1839	0.1169702975
1840	0.1169555243
1841	0.1169405798
1842	0.1169379206
1843	0.1169195297
1844	0.1168993145
1845	0.1168848984
1846	0.1168643722
1847	0.1168501987
1848	0.1168466106
1849	0.1168294585
1850	0.1167911696
1851	0.116776987
1852	0.1167293176
1853	0.1167213506
1854	0.116717726
1855	0.1166677046
1856	0.1166563149
1857	0.1166467689
1858	0.1165909584
1859	0.1165657605
1860	0.1165236616
1861	0.1165116852
1862	0.1164944981
1863	0.1164791468
1864	0.1164772039
1865	0.1164554438
1866	0.1164181608
1867	0.1164050619
1868	0.1163998658
1869	0.1163538879
1870	0.1163327177
1871	0.1163142396
1872	0.1162934534
1873	0.1162818284
1874	0.1162296713
1875	0.1162094895
1876	0.1162041474
1877	0.1161541429
1878	0.1161410051
1879	0.1161241968
1880	0.1160718794
1881	0.1160695935
1882	0.1160208881
1883	0.1159657571
1884	0.1159476379
1885	0.1159024023
1886	0.1158563642
1887	0.1158485173
1888	0.1158456478
1889	0.1158437951
1890	0.1158278745
1891	0.1158028847
1892	0.1157464103
1893	0.1157031227
1894	0.1156883634
1895	0.1156391032
1896	0.1156217084
1897	0.1156067861
1898	0.1155944167
1899	0.1155926819
1900	0.1155841757
1901	0.1155356589
1902	0.115483256
1903	0.1154696748
1904	0.1154651909
1905	0.1154536704
1906	0.1154395538
1907	0.1154374989
1908	0.115435805
1909	0.1154192092
1910	0.1153649438
1911	0.1153619795
1912	0.1153308582
1913	0.1153219093
1914	0.1152961745
1915	0.1152501698
1916	0.1152367657
1917	0.1152154699
1918	0.1152071886
1919	0.1151675759
1920	0.1151502577
1921	0.1151035632
1922	0.1151000183
1923	0.1150543569
1924	0.1150507106
1925	0.1150345611
1926	0.115031753
1927	0.1150259002
1928	0.1149822565
1929	0.1149716372
1930	0.1149173549
1931	0.1149153677
1932	0.1149134772
1933	0.1148753894
1934	0.114830724
1935	0.1147891151
1936	0.1147873007
1937	0.1147765935
1938	0.1147301761
1939	0.11471381
1940	0.1147114165
1941	0.1147096509
1942	0.1146962286
1943	0.1146741017
1944	0.1146363919
1945	0.1146210583
1946	0.1146115669
1947	0.1146096043
1948	0.1145582836
1949	0.1145201304
1950	0.1145171185
1951	0.1144725693
1952	0.1144206236
1953	0.1144030391
1954	0.1144000104
1955	0.1143663446
1956	0.1143265363
1957	0.1143173554
1958	0.1143144096
1959	0.1143081807
1960	0.1142587763
1961	0.1142337115
1962	0.1141948465
1963	0.1141853894
1964	0.1141625867
1965	0.114100896
1966	0.1140548493
1967	0.114051651
1968	0.1139980068
1969	0.1139917354
1970	0.1139555411
1971	0.1139465431
1972	0.1139439131
1973	0.1139135759
1974	0.1139108511
1975	0.1138634736
1976	0.1138484783
1977	0.1138027028
1978	0.1137569486
1979	0.1137443468
1980	0.1137303846
1981	0.1136808182
1982	0.1136457229
1983	0.1135960161
1984	0.1135803841
1985	0.1135741148
1986	0.1135284176
1987	0.1135079945
1988	0.113461887
1989	0.1134472509
1990	0.1134330868
1991	0.113422734
1992	0.1134205428
1993	0.1133744544
1994	0.1133586534
1995	0.1133448496
1996	0.1133423231
1997	0.1133179786
1998	0.1132796658
1999	0.1132669598
